#{"t_start": 1665116490.1949112, "env_id": "LunarLanderContinuous-v2"}
r,l,t
-175.456479,207,3.3677
-561.538099,434,8.654232
-480.512125,430,15.005958
-415.164168,352,20.923023
-503.120886,361,25.866991
-505.908714,360,30.619675
-189.244867,403,38.456017
-527.09375,254,42.364047
-331.4703,229,45.078057
-551.14304,257,47.950023
-174.9075,429,52.70125
-529.524454,157,54.404576
-498.252784,145,56.052856
-358.998508,108,56.948869
-296.126178,143,58.166202
-320.102475,242,60.31114
-269.565229,150,61.412046
-461.405315,248,63.672622
-399.146701,183,65.640174
-326.595274,247,68.094463
-726.800412,453,73.912546
-279.776244,155,75.67064
-355.602738,227,78.121726
-275.232824,221,192.652893
-455.126203,323,196.908195
-475.140169,258,199.614904
-550.570447,260,202.750154
-473.899956,200,205.229835
-323.275498,178,206.975783
-423.488414,332,210.251232
-482.404411,215,212.977371
-230.948246,195,215.001381
-474.058263,244,217.825817
-583.247615,241,220.787832
-593.098708,244,224.400596
-641.866158,345,229.130546
-282.38547,474,236.395168
-312.384807,280,239.361898
-234.159656,328,243.180673
-417.277559,361,247.400078
-420.608656,232,250.30185
-394.001835,415,256.928375
-209.74425,243,260.555402
-432.804275,307,264.415574
-291.870042,243,268.009753
-379.324463,358,459.939388
-309.284644,287,463.823223
-348.036515,206,466.577122
-422.271763,424,472.798265
-303.258043,295,476.483031
-327.985341,187,478.715594
-248.117902,208,480.824754
-554.904876,239,484.083275
-419.092137,251,486.920818
-505.346864,322,491.399245
-355.146723,654,505.596464
-476.282468,267,509.261747
-328.119115,156,511.024458
-314.915582,443,517.284034
-361.96152,401,522.53329
-243.601165,223,525.532063
-185.302184,207,528.145195
-387.219919,342,532.551056
-459.371345,240,535.017061
-598.076924,288,538.150939
-274.542954,230,541.822837
