#{"t_start": 1665217708.0210633, "env_id": "LunarLanderContinuous-v2"}
r,l,t
-79.08405,124,2.659342
-109.958899,115,3.112928
-258.323044,94,3.476939
-68.075463,75,3.762103
-260.099946,103,4.201873
-88.057389,87,4.561368
-410.797697,113,5.063024
-46.995801,86,5.396418
1.637763,132,5.987613
-49.104535,75,6.302113
-267.699215,94,6.728922
-328.846805,74,7.048878
-234.074189,91,7.438395
-127.028133,67,7.723683
-82.087421,108,8.184134
-68.864143,86,8.572351
-150.84074,101,9.000171
-115.493831,95,9.332267
-141.991539,58,9.52641
-136.045881,62,9.707729
-151.34574,72,9.912673
-148.768759,64,10.097106
-156.196582,68,10.329692
-130.265238,71,10.543523
-152.399724,82,10.817191
-254.56959,90,11.154463
-8.249247,87,11.436036
-9.383432,76,11.664558
-18.823587,64,11.86077
-54.219133,80,12.092217
-45.475114,65,12.289029
-57.60141,68,12.482092
-70.10341,77,12.734154
-49.49132,74,12.951984
-88.515425,65,13.15729
-72.261233,73,13.423426
-26.876324,63,13.637839
-64.968042,79,13.885079
-52.960543,67,14.139796
-87.547405,77,14.399708
-17.599333,110,14.771845
-53.401173,65,14.966923
22.642518,102,15.30275
-65.941331,87,15.623073
-354.210527,445,19.362577
-180.137072,229,21.31049
-18.835058,110,22.125332
-115.818362,222,23.489129
40.246753,104,23.928656
19.623706,144,24.697371
-125.674905,229,26.070976
-4.855322,143,27.252936
-57.457648,293,29.848318
-18.832951,378,35.562462
-162.258538,178,39.383451
152.738141,726,369.068506
-166.620814,477,376.061442
180.576943,526,384.721203
113.52543,563,396.576201
-64.599566,385,403.757375
89.302844,962,426.487085
49.732816,1000,452.162618
-141.019147,965,477.560122
-8.302354,1000,1128.83177
-33.485849,1000,1158.268259
153.722283,917,1181.081346
-42.750088,1000,1204.291896
94.24911,865,1231.208302
-19.413441,1000,1256.657274
35.8118,1000,1282.791528
