#{"t_start": 1665168737.8552139, "env_id": "LunarLanderContinuous-v2"}
r,l,t
-361.944444,174,3.186559
-597.462547,78,3.585905
-345.050074,77,3.929898
-383.256397,62,4.205117
-498.161897,61,4.460691
-535.865543,69,4.799933
-561.101412,72,5.076191
-409.086023,77,5.391981
-451.207535,80,5.766651
-403.485197,75,6.079129
-346.145705,90,6.462775
-629.17971,131,7.04562
-287.168007,82,7.40454
174.659634,499,11.144421
-54.865277,95,11.555025
-28.669561,90,11.893571
-60.14406,87,12.151702
-164.885872,77,12.371383
-219.975016,102,12.673007
-223.417005,74,12.904526
-311.650995,59,13.076875
-327.610838,65,13.275005
-48.836967,65,13.476552
-116.939262,58,13.667443
-48.609467,68,13.885582
-56.839509,65,14.094521
238.628668,457,17.452996
21.830767,101,17.938771
247.838259,360,20.303514
225.40553,473,23.790771
-0.658153,110,24.183903
256.69893,180,25.115577
30.0192,118,25.822576
275.00368,367,30.258488
280.333779,225,33.856389
209.760498,606,40.429277
-11.230351,184,41.877201
285.864108,384,44.746112
32.223604,142,45.696187
265.480567,202,138.521743
281.932134,244,140.487902
206.141392,413,143.846908
-10.148142,207,145.37302
23.974192,257,147.197776
247.057453,283,150.29262
244.974321,304,153.882538
-23.391743,278,156.579143
290.758665,344,161.014362
181.288995,517,169.75133
195.221276,545,180.244875
95.385134,930,200.42982
-130.811546,243,203.215338
-106.870582,121,204.890521
-127.306811,327,207.908635
239.738651,566,216.980012
215.522259,697,546.359522
246.90196,406,552.199764
221.136633,748,565.105579
199.646607,731,581.066305
141.486325,906,603.225388
-39.726,1000,630.064536
-24.589199,1000,657.116493
-34.669537,1000,686.366743
