#{"t_start": 1665123732.5577533, "env_id": "LunarLanderContinuous-v2"}
r,l,t
-317.563623,142,3.129138
-306.301803,168,4.230899
-355.37301,170,5.314062
-272.271157,148,6.455421
-357.019307,280,8.803967
-232.491447,108,9.678981
-327.032833,130,10.412571
-200.256586,132,11.131721
-421.874568,235,13.761896
-172.542454,1000,42.081449
-89.96529,1000,68.169187
237.802854,568,79.538141
132.834154,777,94.075235
169.368563,738,107.293883
135.17056,619,119.076278
207.175878,505,522.188521
-33.926012,362,526.9188
-85.310181,455,534.451729
111.538659,694,546.743912
192.073024,696,561.099353
-113.617653,270,566.07811
-58.536581,1000,591.954279
-79.702757,1000,616.976831
-73.278931,1000,643.795951
-36.804974,1000,1268.808729
-144.292058,943,1294.556989
35.013467,1000,1319.432787
53.065885,997,1345.359981
-56.948102,1000,1373.764511
-23.819807,1000,1397.316027
