#{"t_start": 1665189108.9452477, "env_id": "LunarLanderContinuous-v2"}
r,l,t
-295.588059,150,3.19632
-212.278642,130,4.044519
-218.954226,86,4.624992
-622.458833,227,6.274279
-410.525559,130,7.12863
-491.640882,75,7.522787
-392.170299,101,8.224999
-463.677938,101,9.01045
-283.254662,176,10.423621
-196.927182,118,11.126868
-616.665636,258,13.128587
-384.952352,119,14.020046
-329.706011,88,14.601039
-452.646477,343,17.908234
-251.10487,109,18.629291
-324.363377,144,19.78752
-260.863687,222,21.526025
-266.874108,227,23.16411
-272.300222,138,24.201112
-173.598504,169,25.277227
-279.180036,190,26.699188
-191.539585,185,28.304495
-170.131519,142,29.909423
-37.873012,102,30.6866
-299.31831,202,32.208305
-173.385068,222,34.198643
-195.168581,179,36.06393
-38.735935,131,37.336807
-4.212494,83,37.816907
-38.31645,153,38.969415
-54.847735,107,39.473074
-21.942773,80,39.823977
-53.566748,124,40.401553
-22.944334,132,41.018282
27.591387,122,41.689373
247.597763,583,49.181077
-170.024099,300,51.506735
22.408093,211,188.221222
244.907445,380,193.53249
247.077096,333,197.293455
204.014344,384,203.254337
144.927028,516,210.539568
24.764676,310,214.143724
24.692582,275,217.499665
34.298136,215,219.843196
252.865966,380,224.568676
201.901271,565,233.647386
222.87436,423,240.543387
205.188301,461,248.617282
214.402423,481,255.075057
255.931318,469,262.420597
238.260879,395,267.818636
210.191339,621,888.541189
248.81352,518,898.465776
258.958146,402,905.600826
174.079759,687,918.282078
142.085271,566,929.187355
220.368878,701,944.227415
184.800105,818,962.242636
154.730324,766,980.860499
222.597338,724,997.790305
191.301602,764,1015.184641
