#{"t_start": 1665181419.5326262, "env_id": "LunarLanderContinuous-v2"}
r,l,t
-584.152744,679,11.471265
-250.084378,339,15.222392
-550.420001,187,16.678427
-365.264106,91,17.312454
-512.995632,193,19.039215
-484.829516,144,20.385459
-444.409018,167,21.694666
-580.06483,196,23.337255
-396.247432,216,25.290669
-605.972556,362,29.029723
-523.062332,173,30.679788
-292.366931,152,32.138997
-374.956474,146,33.518395
-469.534756,188,35.090123
-163.382819,113,35.790429
-151.344548,111,36.528264
-267.788075,129,37.558316
-90.397783,125,38.324584
-80.568273,188,39.717147
-331.802387,203,41.45839
-277.92708,199,42.740148
-514.740807,346,45.216044
-84.598568,107,45.887436
-147.216288,208,47.398957
-51.329943,178,49.108647
-65.068309,145,50.080249
-250.486176,191,51.603494
-432.988906,175,52.733494
-78.454924,130,53.411663
-11.650037,116,54.105688
6.057606,128,54.967283
-202.746411,114,55.569567
-1.023839,110,56.153101
-360.392145,152,92.504295
-71.804312,193,93.98224
-287.321682,162,95.283484
-450.799094,286,98.346224
-356.914329,150,99.663452
-106.223406,362,103.570672
-488.314297,237,105.507228
-108.297511,243,107.862545
-153.927352,283,110.526877
-272.035004,333,114.366945
-62.347125,160,115.760335
-91.573721,204,118.321204
-68.448673,245,120.346475
-62.186697,222,122.426971
-21.079159,166,123.693952
-152.371671,264,126.173372
-185.575774,332,130.090049
-71.396648,274,133.183138
-40.597917,340,137.644085
-56.743274,283,140.20693
23.792489,248,142.605106
43.575791,228,144.604246
9.842552,221,146.741147
38.705128,245,149.027527
30.376293,337,153.507239
-40.460771,517,568.317694
222.493321,771,584.041439
-59.814381,543,598.767848
-99.129726,1000,619.714744
147.815262,714,639.422379
8.603909,1000,668.09593
-21.790047,1000,695.439732
-236.82271,269,701.103356
-357.468382,303,706.605695
