#{"t_start": 1665117177.6166844, "env_id": "LunarLanderContinuous-v2"}
r,l,t
-559.634311,174,3.277
-425.218178,89,3.764755
-375.423107,94,4.260975
-409.189354,78,4.620298
-247.584129,92,5.011214
-603.445622,73,5.337044
-442.968111,105,5.828506
-589.141982,77,6.134227
-460.768566,80,6.452091
-9.134169,89,6.833514
-133.290409,82,7.17584
-269.391613,102,7.674876
-322.51561,129,8.335541
22.03112,81,8.654209
-129.399142,94,9.010744
-60.053325,90,9.359937
-75.6134,82,9.651198
-275.488217,108,10.023453
-149.117507,100,10.419733
-205.442125,108,10.843146
249.858614,251,12.05252
-204.919732,145,12.837386
-332.088377,102,13.333091
-65.610385,92,13.743129
-285.729995,124,14.294411
-3.732733,159,15.079909
-56.087566,116,15.651738
-36.646135,113,16.249744
-29.393522,157,17.063637
-1.375668,160,18.011189
-0.297314,185,19.275751
-146.981947,189,20.571494
-208.286847,125,21.85272
-206.877687,136,22.941132
-96.72229,168,24.177629
-260.95168,139,25.229058
-191.852485,229,27.031492
185.365319,579,35.138129
-298.779599,182,36.640487
-334.380336,250,40.066988
-281.736427,343,43.460577
180.321108,486,357.858805
-471.775091,160,360.664582
-423.062526,242,363.938488
-335.314963,194,367.418351
-381.103043,324,372.277015
-205.115362,254,376.087752
-495.260786,423,381.746094
-218.062076,224,384.395923
-155.288032,288,387.876333
-464.438916,271,390.316878
-323.926869,262,393.765833
-350.402067,265,396.657693
-293.683704,180,398.409757
-329.699138,197,400.978158
-4.814506,353,405.175325
-155.322445,325,410.35932
-393.243369,408,416.812058
-248.861122,566,428.076991
-594.535888,197,431.097589
-358.659247,207,433.683373
-312.255572,518,441.96047
-369.181636,260,446.197277
-628.571993,253,865.457414
-367.123057,432,873.210986
-456.571195,198,875.276413
-452.065752,348,880.117731
-324.981946,207,883.565373
-490.822437,484,891.314966
-368.369414,343,897.835693
-458.161636,740,911.720023
-770.085581,533,919.745402
-472.821202,533,928.039972
-562.220329,233,931.584066
-683.363981,672,944.162992
-521.799895,248,947.96032
-585.908746,334,952.571391
-513.671398,237,956.707276
-455.518286,413,965.526282
