#{"t_start": 1665117177.6182325, "env_id": "LunarLanderContinuous-v2"}
r,l,t
-640.27035,191,3.412588
-457.623168,134,4.096085
-526.1048,82,4.502009
-624.087836,73,4.81057
-285.561935,92,5.229161
-208.509591,110,5.705862
-209.477607,87,6.077745
-516.948619,84,6.41078
-162.119037,115,6.905947
-74.865492,109,7.356436
-503.12057,145,8.127956
-350.723348,91,8.516115
-285.604446,85,8.857008
-270.913855,103,9.259537
-88.853512,78,9.541368
-254.715888,89,9.849402
-38.105401,113,10.260077
-331.485259,104,10.678365
-269.452453,111,11.114455
-153.341307,108,11.634998
-75.563919,92,12.144304
-40.264268,70,12.534802
-95.970063,90,12.978812
-26.406154,101,13.483289
-75.058919,112,13.95998
-196.86719,110,14.465662
-286.648922,111,15.025092
-6.303329,110,15.558342
-5.642625,118,16.186405
48.978435,123,16.821298
-201.433549,153,17.652461
-2.932358,176,18.748075
-254.703438,166,19.906142
-70.49797,175,21.551278
-151.274797,167,22.921493
-68.290681,179,24.227576
256.936044,265,26.331537
204.941533,249,28.318004
222.028961,423,35.107026
-270.29014,376,39.418909
-175.773603,257,42.084867
-211.50851,325,45.873265
-244.365702,570,362.479918
-370.335879,384,368.669154
-403.692359,366,373.903055
-314.806268,442,379.842716
-221.297551,322,383.884843
-117.037152,307,387.619811
-259.65432,139,388.781113
-331.207754,312,392.409966
-163.461171,310,395.924768
-269.057342,177,397.73981
-485.009281,242,400.716281
-171.886884,399,405.637432
-244.28911,398,411.695906
-397.274174,697,424.927094
-391.384899,356,430.829564
-571.47188,271,434.316922
-692.315399,357,439.553497
-314.156226,170,442.83915
-705.867108,645,869.443648
-509.50387,302,874.024739
-206.609663,223,876.218762
-186.279202,456,883.294765
-360.131938,685,895.712981
-475.021268,602,906.433911
-256.118191,283,911.514688
-462.416182,289,915.027008
-656.945294,384,921.347764
-513.783705,240,925.397214
-382.058639,412,931.812837
-562.397318,356,938.332247
-307.820139,247,943.221586
-671.729479,424,949.998526
-531.848245,479,957.368176
-391.078745,214,961.288796
