#{"t_start": 1665214453.1918952, "env_id": "LunarLanderContinuous-v2"}
r,l,t
-360.36181,147,3.175662
-255.945487,227,4.999675
-215.903053,153,5.895443
-451.745119,136,6.58408
-537.183578,88,7.00352
-254.051159,91,7.471203
-573.333369,118,8.073932
-442.376506,88,8.489285
-305.452543,91,8.909516
-508.99721,88,9.278526
-441.260454,108,9.727336
-533.695613,92,10.114668
-307.469457,120,10.675381
-298.7692,109,11.141018
-19.111923,107,11.62038
-140.554447,108,12.094484
-76.056324,82,12.376517
-31.586095,115,12.771465
-181.889159,70,12.981933
-186.357837,66,13.166102
-129.29279,84,13.394485
-175.122707,81,13.633941
24.812148,101,13.88252
-173.697945,72,14.07145
-178.98445,68,14.249983
-157.92044,74,14.4226
-131.064599,58,14.565193
-135.139119,80,14.771703
-112.616331,52,14.896019
-120.820793,58,15.023671
-128.802678,55,15.145067
-132.751602,90,15.349854
-114.352443,64,15.494247
-162.845431,87,15.686517
-107.238392,59,15.814382
-152.557832,81,16.01436
-163.8699,88,16.210783
-110.134385,54,16.3312
-111.559753,56,16.455648
-109.217614,54,16.583707
-143.176181,78,16.766289
-107.405541,81,16.953004
-162.969454,82,17.133434
-117.17304,86,17.316895
-175.260678,85,17.507679
-100.016749,83,17.702142
-90.571934,55,17.836003
-121.253425,65,18.012618
-106.305092,65,18.194936
-130.831817,70,18.396461
-102.19132,88,18.650437
-102.32257,69,18.870687
-247.5835,219,19.9187
-160.330955,225,21.386551
-162.235209,82,21.819468
-357.641155,334,24.218925
-259.445958,466,29.316717
-106.00371,1000,257.25754
-95.122367,476,264.843024
-233.413394,911,288.21308
-81.995145,197,290.140105
-123.140578,215,291.681801
-130.424119,1000,309.097224
-49.793214,1000,333.178398
-51.883585,1000,357.819328
-70.685924,1000,1022.853327
-69.100596,1000,1050.717562
-40.596596,1000,1076.087914
-76.512546,1000,1102.160493
-26.447636,1000,1129.935812
-55.589092,1000,1158.051615
-23.023361,1000,1183.249038
