#{"t_start": 1665210529.9076257, "env_id": "LunarLanderContinuous-v2"}
r,l,t
-335.86067,148,3.331056
-282.824416,84,3.724021
-412.658914,115,4.395376
-295.142476,147,5.194137
-353.427087,121,5.882784
-239.827423,99,6.309796
-655.293524,120,6.905181
-168.306689,68,7.22488
-159.797239,94,7.590793
-149.070776,92,7.899586
-82.066915,97,8.247566
-44.503894,80,8.59903
-106.260496,107,9.003026
-208.802544,102,9.352433
-88.599873,64,9.569541
-100.637593,92,9.901492
-121.368271,74,10.148391
-277.49532,137,10.748749
-76.643032,78,11.0118
-275.139908,88,11.301092
-148.909048,127,11.74653
-184.930236,92,12.226775
-41.97884,144,13.064636
17.968225,113,13.680298
-346.915662,218,15.015391
-229.609589,128,15.77745
-678.475628,149,16.86209
-253.054205,114,17.418922
-457.822636,152,18.649889
-420.395772,160,19.828473
-366.336576,186,22.003701
-386.087364,112,22.642766
-565.93639,120,23.30014
-434.363039,90,23.778543
-527.661971,172,24.804991
-599.78999,157,25.623265
-360.459049,157,26.37949
-319.05207,110,27.140297
-346.920746,107,27.758763
-494.546401,192,28.941975
-653.237189,120,29.716891
-693.563664,209,31.034583
-356.407871,244,32.845069
-137.79798,232,34.745235
-346.844861,125,35.630728
-333.274373,200,36.94075
-569.570455,202,39.165934
-338.09427,192,134.30382
-320.469065,241,136.40381
-137.412477,220,138.624762
-502.607865,353,142.345003
-233.513679,252,144.45717
-198.039105,205,146.17847
-491.731097,221,148.050011
-636.190249,310,151.21184
-278.017981,237,153.81488
-388.677867,807,171.010017
-53.036704,359,177.516554
-230.704717,468,194.55344
-218.766228,1000,216.821066
-219.144071,702,232.907812
-354.238616,664,252.853207
-522.446563,267,929.710943
-168.414323,1000,956.329161
-137.616496,570,968.802028
-184.937795,570,979.232469
-200.854682,689,993.974302
-227.120487,809,1011.997578
-134.121273,1000,1035.604684
-218.558236,787,1055.066771
