#{"t_start": 1665097688.3725758, "env_id": "LunarLanderContinuous-v2"}
r,l,t
-221.265789,98,2.687025
-571.408885,84,3.156688
-314.607588,84,3.611983
-163.474135,106,4.069331
-107.699778,91,4.405184
-0.240423,122,4.93265
-427.890931,119,5.476684
-416.283971,87,5.907803
-205.55078,86,6.349473
-355.274182,75,6.625235
-361.631363,92,6.977091
-225.664096,89,7.403039
-180.710882,73,7.741448
-320.638122,99,8.143103
-142.554063,59,8.354967
-269.007876,65,8.588254
-189.009113,67,8.779572
-159.464764,70,8.996491
-87.658739,67,9.285285
-141.752556,67,9.59951
-124.290005,59,9.919636
-131.126999,83,10.510615
-111.113971,61,11.028965
-188.273396,82,11.68867
-125.485298,66,12.102727
-115.211643,63,12.42434
-335.795492,129,12.95012
-434.010585,85,13.331861
-279.68646,101,13.759851
-62.892211,83,14.157507
-298.22231,215,15.418887
-17.957561,125,16.036326
-88.316037,92,16.434625
-56.903738,163,17.364286
-191.323495,108,18.124144
-89.243903,150,19.368932
-185.134365,179,20.788684
-225.479379,227,22.726316
-397.377095,258,25.077695
-41.129129,288,27.962351
-213.12198,275,30.451004
6.128783,150,31.697026
-305.154464,127,32.670275
-89.351094,136,33.952671
-294.165495,221,36.371883
123.465163,700,47.631235
-471.785179,192,49.65307
-475.071124,216,126.118842
-507.773674,138,127.314216
-273.537553,162,128.816018
-295.840123,271,131.776816
-419.815934,185,133.484151
-462.27393,245,135.843325
-304.227907,135,137.083423
-533.263387,267,139.681915
-267.33718,182,142.099283
-391.306761,424,147.605922
145.712714,691,161.240702
-719.445006,395,169.356393
-42.255554,207,174.788487
-549.900759,488,185.388415
-248.042001,1000,216.065835
-485.458363,434,226.07223
-195.541234,1000,547.211013
-431.690636,392,553.864921
-226.334976,490,562.173862
-185.751671,1000,589.450852
-155.798596,1000,619.783848
-119.14241,1000,651.58405
-152.167407,1000,679.578589
-112.305218,1000,709.464699
