#{"t_start": 1665118630.4136136, "env_id": "LunarLanderContinuous-v2"}
r,l,t
-91.969076,290,4.087417
285.20998,424,8.339902
-162.036121,144,9.300191
-88.132951,107,9.826144
-34.00381,269,11.771204
-133.439508,106,12.318671
-96.296375,290,15.747744
-304.949285,311,18.655968
-318.657715,212,20.968092
-44.152578,161,23.33801
-96.352454,360,28.014036
237.402198,455,34.320853
-71.968227,209,37.775295
177.429523,530,50.057041
-86.684742,217,52.426374
265.207394,482,58.343459
247.01144,362,62.082955
172.126818,334,67.36422
-46.034752,219,70.513978
169.652961,303,75.498315
190.539055,362,82.620968
-5.851682,1000,460.524596
-82.338217,190,462.878061
72.934606,822,485.353743
-90.405707,198,489.2686
162.876711,770,504.240334
159.294334,948,519.656108
87.45989,675,534.683403
119.582319,877,556.174315
-127.992326,888,1014.351846
-31.893397,1000,1044.355579
8.4812,1000,1066.840897
-247.718233,818,1088.172385
-100.883065,265,1092.824647
-19.960082,1000,1114.994545
-115.694079,246,1119.249901
-158.731063,900,1136.888935
-108.557298,482,1151.058803
-116.816164,301,1157.920346
