#{"t_start": 1665163673.6065793, "env_id": "LunarLanderContinuous-v2"}
r,l,t
-804.410567,122,2.923148
-311.754658,92,3.31211
-239.467422,127,4.008822
-354.330895,105,4.506171
-349.892225,119,5.101903
-407.318157,282,7.056096
-456.701741,197,8.559995
-578.727749,300,11.285296
-226.584683,226,13.619699
-323.879117,252,15.970693
-179.555708,586,24.403651
5.017714,1000,49.534302
69.820891,1000,81.755147
-35.008354,1000,109.51163
182.455031,791,131.912951
-54.269468,1000,852.410213
134.438169,964,879.973949
179.826314,918,904.401214
85.293276,900,928.170615
36.196958,1000,958.444317
165.918298,669,973.495919
198.067654,595,986.648989
156.739486,670,1412.47006
180.124075,698,1426.553551
147.989604,759,1445.059225
138.54058,794,1464.067968
158.808635,688,1482.861053
154.088725,770,1503.688038
87.464006,811,1523.734218
157.250388,822,1542.703825
