#{"t_start": 1665176730.9778833, "env_id": "LunarLanderContinuous-v2"}
r,l,t
-156.892219,143,2.716453
-130.885707,89,3.310846
-108.515906,202,4.749322
-39.808604,100,5.606778
-38.656777,102,5.955643
-47.830936,114,6.431739
-46.436828,128,7.107399
-84.940492,103,7.576545
-32.259914,156,8.24809
-106.496671,84,8.547833
-53.601174,102,8.995479
-22.932844,144,9.794918
191.856984,783,22.680308
-66.354209,1000,47.984725
-18.41642,1000,72.908891
-124.965336,407,80.531302
-98.5597,144,82.552264
81.514122,781,98.061516
-88.706378,359,104.304264
179.724323,584,515.173724
-46.424018,1000,537.554836
-46.864488,1000,561.587104
-22.174214,1000,584.199604
-24.36335,1000,611.2781
198.115487,808,632.604055
109.407331,882,653.04634
138.206236,694,1176.395874
201.985052,766,1196.466906
196.873482,725,1212.04845
-65.117601,585,1222.740504
101.204677,978,1247.143273
62.481481,1000,1268.751884
81.101411,786,1286.602946
-47.042964,371,1293.660958
