#{"t_start": 1665221162.9301891, "env_id": "LunarLanderContinuous-v2"}
r,l,t
-485.82188,266,3.759976
-141.362968,128,4.523042
-267.533087,79,4.864291
-257.485049,71,5.11508
-398.935513,91,5.442994
-388.654654,75,5.735334
-151.950632,75,6.05193
-367.251736,79,6.373184
-224.816754,90,6.704888
-362.88177,92,7.060693
-353.26871,107,7.407809
-147.205013,65,7.600744
-103.75691,54,7.769989
-129.722216,92,8.056822
-335.422805,93,8.352961
-459.597819,84,8.629677
-151.054537,67,8.818022
-80.124618,62,9.011381
-289.108411,64,9.200105
-99.514587,70,9.40754
-124.692103,71,9.632393
-354.820652,69,9.845918
-312.399274,151,10.438895
-309.116296,93,10.786389
49.97404,76,11.007446
-200.332449,99,11.363744
-114.095982,97,11.712432
-870.768613,192,13.043194
-204.408818,199,14.183815
-140.328014,150,15.078505
-390.210649,190,15.988617
-161.002941,92,16.328506
-83.489282,83,16.716544
-46.357617,107,17.198071
-108.31861,121,17.738809
-65.178641,109,18.248503
-106.314468,86,18.645001
2.986464,129,19.29657
-62.210182,115,19.941998
-116.649094,144,20.717787
-70.532361,71,21.050987
-82.43653,108,21.60383
-19.269108,133,22.276022
-195.105528,162,23.283436
-55.32229,137,24.137848
-306.641939,109,24.796847
-97.347802,139,25.553813
-262.418678,87,25.992255
-297.184167,92,26.422347
-23.016509,120,27.002479
-42.580702,115,27.592925
-334.711238,125,28.253245
-398.844697,126,29.003969
-389.491226,112,29.657478
-15.646819,133,30.500183
-81.35106,127,31.560068
-263.90754,119,32.673055
-169.612296,124,52.46329
-93.728623,146,54.357304
-17.649973,106,55.668873
-9.065768,130,56.382821
-3.967609,153,57.185839
-53.762747,110,57.743462
-30.288402,150,58.607547
-55.792549,153,59.604926
85.416541,210,61.435903
-192.151446,339,66.779289
-35.063157,248,71.433917
-250.423371,336,75.576606
-96.773109,341,79.500507
-33.223321,294,84.624856
-13.140634,228,89.13908
-53.94502,334,93.931328
191.574843,518,103.293924
-62.632936,200,109.068108
-292.4307,385,118.263792
-12.852647,1000,144.36683
-84.83849,1000,894.157107
-96.97112,639,914.070303
1.184169,1000,943.706039
182.855224,771,962.130231
-44.939344,1000,989.07353
-163.159668,268,992.363527
-136.511809,496,1001.118006
-57.272095,325,1006.065022
-1.222549,1000,1028.660048
