#{"t_start": 1665208908.7698374, "env_id": "LunarLanderContinuous-v2"}
r,l,t
-171.027751,572,8.839936
-109.785053,139,9.533011
-37.263022,94,10.032987
-123.600828,144,10.840502
-100.472211,146,11.57915
-116.735039,216,12.802206
189.235345,411,16.530534
-76.127101,213,18.294705
-39.282886,200,20.422286
190.957607,430,26.480919
12.224925,1000,48.749829
-138.54334,478,58.154866
-57.380862,1000,82.167344
-14.623237,1000,106.296729
159.046015,962,692.501218
-0.068353,1000,717.470576
107.147722,944,739.325396
-118.995225,201,741.609273
-91.294983,388,748.876999
64.977632,697,762.19436
168.734641,973,781.31861
33.139265,1000,809.152577
-107.700004,172,812.412303
-92.424312,219,1214.256349
146.959954,975,1238.633121
-119.413276,193,1242.300764
-85.684873,226,1245.749762
-231.859708,727,1261.033595
-130.509936,176,1263.792377
-92.670711,230,1269.012991
55.097474,709,1283.521704
-175.202703,591,1296.64905
-100.977858,348,1302.185219
-107.594901,219,1304.498979
-102.855798,376,1308.29561
-143.253918,378,1314.265917
-130.801408,406,1322.138649
-124.378186,541,1330.734452
