#{"t_start": 1665178552.889941, "env_id": "LunarLanderContinuous-v2"}
r,l,t
-124.779468,80,2.463465
8.175647,94,2.967814
-214.576944,183,3.963974
-386.857227,101,4.43698
-205.879713,98,4.81632
-282.579324,86,5.186899
-323.582354,88,5.542235
-380.02471,85,5.869175
-293.867467,107,6.282632
-279.294888,98,6.695525
-103.670429,94,7.074333
-83.882056,91,7.420237
16.581651,97,7.773935
-75.925045,113,8.18035
-560.189423,88,8.503332
-51.346519,72,8.773376
-28.114715,89,9.117224
-558.417202,91,9.490197
-551.359933,90,9.807194
-102.161434,81,10.08498
-194.244565,89,10.364329
-228.664631,74,10.60304
-230.113916,94,10.896614
-107.931164,83,11.146924
-134.184071,75,11.440105
-33.807246,80,11.725444
-70.75376,83,12.008675
-74.722801,75,12.283797
-387.779185,89,12.567015
-296.79301,120,12.985211
-392.87627,94,13.282367
-88.251052,82,13.513617
-130.764122,62,13.707725
-36.476441,84,13.993627
-111.418649,80,14.251508
8.817092,102,14.615807
-25.308981,93,14.930502
-45.255843,81,15.20339
-58.331653,77,15.422204
-100.99228,69,15.656475
-37.722901,110,16.023022
-8.607348,80,16.282506
-159.026683,91,16.56057
-253.716645,116,16.939901
-78.860078,86,17.227456
-64.832029,75,17.522199
-104.672672,91,17.833082
-57.81633,92,18.120861
-276.077979,117,18.520441
-122.618508,59,18.732859
-63.981868,82,18.991087
-183.464633,82,19.266168
-153.342326,90,19.561551
-204.08439,87,19.855045
-227.586036,74,20.102041
-109.495724,77,20.355494
-60.797655,88,20.648578
-144.752227,93,20.969707
-48.956826,113,21.364272
-13.649322,86,21.720134
9.190129,83,22.038364
11.690725,153,22.867785
-38.218527,163,24.144545
-9.751626,174,25.73876
-16.512647,163,26.788091
20.391061,114,82.912973
211.779496,767,93.09891
1.490071,223,94.876744
-191.172184,223,97.050728
-173.482018,247,99.801628
2.303667,197,101.175149
108.929101,663,111.015686
274.919747,633,123.857336
181.007085,909,142.835371
-50.743791,1000,170.800304
69.039745,1000,196.022138
-54.197511,1000,835.781328
128.646936,909,860.451987
59.21086,1000,888.283689
157.892159,700,905.54166
9.052972,1000,933.175076
144.56785,870,957.548837
146.225032,965,982.416325
