#{"t_start": 1665156454.9143896, "env_id": "LunarLanderContinuous-v2"}
r,l,t
-214.69251,162,3.54274
-999.052588,125,4.227233
-791.558887,140,4.986172
-123.390339,173,5.921844
-271.983454,57,6.166241
-317.194056,89,6.547014
-285.202524,68,6.822333
-364.929068,70,7.11889
-287.34085,84,7.458395
-455.863331,110,7.889103
-43.052854,94,8.291314
-118.934871,89,8.72637
-355.548896,87,9.167352
-171.194696,93,9.571977
-330.964914,82,9.946243
-243.594598,86,10.314914
-412.305585,92,10.724014
27.810816,134,11.406549
-191.086672,100,11.825976
-138.377813,121,12.47958
-242.971123,68,12.88096
-404.129461,100,13.511067
-104.403125,145,14.320385
-309.724475,77,14.777198
-473.850378,169,15.83097
-312.891457,103,16.399318
-546.859615,151,17.323399
-381.888277,134,18.20273
-586.44249,109,18.866832
-457.543847,143,19.712897
-583.817114,106,20.293095
-616.727444,109,20.933283
-489.060419,112,21.774951
-539.414957,111,22.454282
-422.499042,134,23.440555
-629.235122,133,24.210018
-519.261436,129,25.006929
-346.543627,212,26.601664
-198.789854,188,27.899804
-569.71346,187,29.360072
-553.213411,131,30.306817
-537.135039,141,31.362537
-508.942313,153,32.514615
-203.148495,99,33.410465
-559.126352,131,34.315067
-305.221557,200,35.891993
-456.891676,139,36.941059
-482.681053,167,38.153774
-126.877513,183,39.644759
-390.341019,170,40.920996
