#{"t_start": 1665156454.915304, "env_id": "LunarLanderContinuous-v2"}
r,l,t
-466.144468,119,3.239638
-1305.079063,130,4.041369
-44.045368,75,4.409061
-250.627133,113,5.041803
-284.430735,104,5.603941
-335.17365,86,6.034095
-276.280564,58,6.282704
-289.136725,65,6.563886
-376.659553,70,6.850337
-200.005335,63,7.113858
-389.144867,84,7.454006
-311.802264,81,7.767242
-276.709824,79,8.084408
-109.526524,101,8.579776
-281.446791,77,8.962922
-305.949989,90,9.384968
-197.044381,153,10.073575
-85.100162,94,10.473641
-75.135703,99,10.915135
-265.476747,98,11.423427
-279.58082,58,11.665482
-114.629226,94,12.107744
-504.365107,93,12.644614
-239.016167,137,13.497582
-185.365172,129,14.197404
-289.53364,113,14.874038
-289.829617,142,15.760896
-363.235702,105,16.347793
-304.422566,141,17.209767
-530.349775,152,18.204403
-350.626116,118,18.92908
-207.942134,129,19.685624
-445.846476,110,20.280287
-466.182383,148,21.19354
-234.837734,117,22.103272
-476.987139,87,22.571069
-540.142561,136,23.569978
-458.846713,100,24.129762
-603.224123,170,25.231085
-439.950018,150,26.348847
-552.075948,177,27.582814
-656.854149,161,28.746235
-498.612306,109,29.640504
-367.792883,163,30.846232
-493.319089,137,31.873395
-315.622303,180,33.365798
-210.982226,114,34.145058
-557.264505,179,35.54728
-475.808972,123,36.561229
-583.084654,142,37.537625
-631.751555,132,38.473821
-547.504156,150,39.747253
-246.760596,165,40.985575
