#{"t_start": 1665129652.0721657, "env_id": "LunarLanderContinuous-v2"}
r,l,t
-513.202722,175,3.090787
-503.924821,169,4.400836
-597.682115,97,4.971989
-126.750262,102,5.485605
-755.671037,83,5.935086
-453.06584,98,6.442094
-612.679472,141,7.192086
-451.270765,107,7.668412
-21.780592,88,8.012961
-586.722391,150,8.622458
-257.727331,113,9.006607
-315.922177,105,9.421821
-177.481309,84,9.760827
-159.00399,77,10.077934
-199.718586,109,10.511717
-318.988101,91,10.85884
-174.263224,69,11.108267
-87.764761,54,11.301235
-127.175024,70,11.533332
-197.020792,83,11.848749
-121.438941,61,12.057568
-214.684515,70,12.26594
-331.262293,90,12.568544
-135.598434,63,12.791571
-295.779832,84,13.121386
-238.981867,87,13.484272
-87.503939,69,13.68728
-104.553534,59,13.864129
-438.524945,130,14.304607
-131.476023,56,14.490552
-111.90857,55,14.696871
-103.099313,84,14.944273
-206.245657,79,15.204081
-93.311896,77,15.41162
-245.843308,107,15.768634
-103.166637,88,16.133166
-63.806816,104,16.529566
-173.609286,133,17.268695
-102.846573,69,17.619737
-351.303166,163,18.630697
-14.257794,180,19.729726
-85.635327,150,20.882173
-152.809401,113,21.544003
-161.818327,148,22.574485
-155.341898,129,23.33485
-300.059029,251,25.294534
-166.550483,201,26.801389
-428.313729,658,37.315984
-207.281612,1000,194.706692
-494.55104,678,206.117318
-168.198143,1000,231.766424
-273.223562,1000,262.15468
-101.318548,1000,294.372409
-85.591004,1000,324.848449
-70.450392,1000,359.138285
-62.779001,1000,1087.848397
-101.153179,1000,1118.029097
-78.546375,1000,1144.738114
-106.049306,1000,1173.951507
-101.153719,1000,1205.375859
-92.081622,1000,1231.343112
