#{"t_start": 1665172341.9545257, "env_id": "LunarLanderContinuous-v2"}
r,l,t
-169.645836,239,3.209393
-159.872025,126,3.92292
-201.226989,166,4.957148
296.84927,245,6.725281
-52.224225,104,7.52922
-55.016288,191,9.037733
-2.510269,210,11.15931
211.39494,836,23.038054
-123.374443,331,27.995767
96.304051,950,46.206287
66.972995,832,68.593107
-86.210038,1000,93.39506
-90.098503,182,96.812481
-83.790424,1000,636.498852
-96.811865,281,642.467249
155.339222,831,660.73317
-108.857959,256,665.233138
-9.430965,1000,688.144432
-121.018238,277,691.940371
93.232615,858,708.294764
-141.879627,555,718.682749
-127.591142,159,720.210743
-94.816478,245,722.772664
82.64113,873,739.88176
76.869484,724,754.069918
-146.115638,215,1050.880207
-69.592678,1000,1068.745398
-116.258514,142,1070.349338
-110.27783,599,1084.878806
-104.914676,161,1089.12418
-107.46779,164,1090.870459
-139.412775,146,1092.635143
-117.351011,214,1094.287962
-122.024261,222,1095.99569
-103.958178,199,1097.504274
-127.513977,427,1102.71354
-106.447004,164,1104.590005
-126.364483,154,1106.721793
-107.146075,279,1110.030982
-158.510982,484,1117.254742
-150.55872,539,1124.062472
-103.781891,143,1125.943358
-89.851666,798,1138.875758
-117.726158,195,1141.829516
