#{"t_start": 1665127474.9977589, "env_id": "LunarLanderContinuous-v2"}
r,l,t
-415.781218,470,7.558309
-193.632804,297,10.109137
-115.166114,203,12.145948
-52.665861,260,14.723439
-166.181042,406,21.027343
-134.668252,414,26.840884
-325.398968,534,36.381293
-569.567775,149,39.38057
-631.722303,307,42.686205
-606.429606,395,46.997882
-442.617809,322,50.578693
-496.769754,388,55.590038
-654.104681,425,62.929061
-821.642049,622,74.531034
-556.852654,200,77.70909
-431.856943,542,86.626265
-231.245145,184,88.206791
-396.453682,219,144.524004
-201.702487,211,146.650405
-374.12713,178,148.269612
-226.397448,175,149.862236
-315.746314,185,151.197271
-343.727352,195,152.841046
-262.325433,202,154.731162
-190.175011,157,155.800897
-216.199358,192,157.207235
-180.158659,185,159.1098
-202.423477,1000,181.486168
-185.94763,1000,210.197591
-211.90958,1000,235.557651
-174.696817,1000,261.759398
-215.198841,634,845.1576
-164.954292,1000,872.26635
-160.869916,1000,898.828382
-128.389654,1000,924.796816
-150.967462,1000,950.845735
-194.480407,970,975.120432
-112.780781,1000,1002.133156
