#{"t_start": 1665180208.0380635, "env_id": "LunarLanderContinuous-v2"}
r,l,t
-117.251415,199,3.666861
-397.97827,274,6.463953
-575.201356,96,6.906149
-485.426584,90,7.307308
-371.496226,83,7.68526
-372.362642,107,8.128814
-305.500049,82,8.465588
-304.695642,56,8.71536
-104.749281,125,9.304106
-274.360104,98,9.783489
-568.467301,231,11.585703
-215.725041,159,12.61705
-20.452478,137,13.35383
-28.535819,122,13.937234
-156.710625,125,14.63958
-455.740909,189,15.707794
-58.294103,113,16.245897
-330.92213,99,16.67948
-186.180678,70,16.973102
-70.873759,80,17.27123
-359.886455,89,17.624943
16.747231,122,18.165078
-63.874409,65,18.46747
-167.931403,89,18.866758
-105.038648,62,19.097451
-96.024003,80,19.417809
-23.946046,111,19.966196
-15.370301,102,20.393261
21.050765,122,20.970161
-357.248128,104,21.430611
-98.000958,74,21.749174
-125.756803,86,22.17296
-8.644044,134,22.979272
-94.676019,79,23.55754
-79.235942,83,24.278716
-216.349286,92,25.113853
-222.165072,110,26.188182
-159.599967,108,26.753761
-243.122101,122,27.412112
-213.546595,124,28.175089
-57.8848,126,28.903114
-282.762753,121,29.613946
-189.374751,119,30.35118
14.427682,171,31.432136
-116.937882,115,32.081689
15.145361,153,33.043238
-276.040811,144,33.921835
-220.544436,164,35.076845
-31.089217,152,36.051396
-55.770208,147,37.199978
-56.893334,152,38.340221
6.777962,201,205.00712
292.446857,432,209.914701
51.345153,196,211.836846
22.08817,274,214.345139
250.11171,426,219.76291
235.818102,394,227.013527
180.134651,845,239.855091
-56.636362,154,242.240175
155.261265,510,248.873626
-54.828556,277,252.214039
175.781255,502,259.278439
293.418865,289,263.215903
249.910729,351,267.866976
235.398853,415,273.193301
233.815387,452,280.595768
237.749131,473,287.286641
168.428729,582,613.145797
211.749723,726,625.191209
181.533212,465,631.704034
158.404352,561,640.915853
-44.491299,405,647.081738
193.425756,384,651.930794
211.777904,312,655.322834
219.690379,399,662.091325
169.327536,545,670.157511
171.555764,382,675.92501
-74.175177,374,679.933044
-27.568622,340,685.394151
151.433514,436,691.851951
-76.473995,531,700.567959
