#{"t_start": 1665180208.0398626, "env_id": "LunarLanderContinuous-v2"}
r,l,t
-198.944246,457,6.331456
-467.511786,84,6.778801
-463.023379,78,7.136822
-510.530783,75,7.459511
-421.864616,73,7.786144
-321.180546,120,8.303232
-42.965935,169,9.043513
-228.200244,137,9.700304
-744.484497,202,11.198824
-624.350429,62,11.662328
-502.067176,69,12.060384
-383.351807,117,12.854997
-225.830043,101,13.381192
-353.747054,86,13.790341
-224.926211,85,14.246629
-173.278604,149,15.065755
-254.214763,103,15.665939
-268.65434,102,16.1508
-98.598624,104,16.627098
-136.648646,84,16.984286
-163.169577,92,17.326771
-312.974126,98,17.716913
-68.853816,90,18.114993
-101.460418,85,18.509837
-35.082044,86,18.895218
-68.597586,77,19.194219
-182.239612,91,19.573385
-33.286074,82,19.983542
-33.099212,86,20.336997
-78.454212,67,20.664326
-226.644955,85,21.04979
-21.959035,115,21.571971
-210.332356,116,22.099517
-105.770524,97,22.63013
-98.346531,100,23.325298
-26.413401,86,24.056381
-45.701681,90,24.836514
-167.176795,98,25.90138
-128.282854,90,26.456961
-296.90218,83,26.885412
-40.619938,131,27.595114
-182.646314,120,28.344437
-436.368318,150,29.212993
-290.576986,159,30.18052
-57.764396,136,30.98053
-306.838721,150,31.92256
-4.538841,164,32.917936
-94.670861,144,33.798215
-214.582862,146,34.825075
-365.0055,119,35.60548
-206.820612,150,36.706356
-99.682999,112,37.507599
185.71138,429,206.539014
268.29866,519,212.002378
24.431768,299,214.8181
275.503569,631,224.028528
214.754062,378,230.983253
-27.19847,290,235.113726
139.289279,396,241.060188
189.808509,439,246.782087
-86.934325,340,251.043462
220.016936,291,254.939406
224.622599,306,259.308191
246.952365,407,264.407706
262.176742,302,269.11643
241.927712,423,274.519484
187.02816,482,282.577065
199.386057,520,289.978638
241.757736,484,614.001653
258.332372,477,621.619012
204.95023,461,628.784246
187.7055,706,640.24119
-12.058133,414,646.428996
-17.429479,412,651.750562
251.505695,668,661.27136
231.185409,346,666.841228
-73.413307,254,670.144037
215.202528,472,677.154086
154.12855,752,687.124568
137.850014,601,696.594074
