#{"t_start": 1665121948.8346076, "env_id": "LunarLanderContinuous-v2"}
r,l,t
-123.646299,86,2.702391
-122.789353,66,3.051908
-931.166487,247,4.707678
-544.412016,85,5.137753
-240.695841,62,5.370123
-59.220358,62,5.645617
-170.771439,104,6.166408
-247.673201,101,6.58202
-411.033777,158,7.409253
-334.989204,89,7.793024
-418.127811,78,8.155486
-406.819188,110,8.737298
-301.420159,107,9.336748
-427.276896,93,9.88849
-229.573049,67,10.257153
-293.389937,129,11.045104
-9.790554,108,11.619978
-332.575138,111,12.270295
-384.762328,136,13.043729
-124.294277,90,13.537148
-323.296272,117,14.180795
-322.675271,81,14.662652
255.583918,517,19.003924
-94.706639,83,19.470173
-190.963495,103,19.988534
5.251424,105,20.533755
0.777899,106,21.202667
-28.123722,89,21.796962
-18.903538,85,22.697258
268.148828,227,24.763005
3.655678,131,25.452191
-11.349093,98,25.969612
-0.819816,99,26.638728
-1.935329,164,28.756556
-55.596022,98,30.5495
-19.462331,102,31.947509
23.203934,134,33.947546
-30.507999,95,35.790604
18.970612,132,38.86204
16.749018,84,41.014769
31.938231,92,43.089296
32.787206,151,45.90832
91.551302,1000,58.418697
-16.568819,91,58.873555
-0.349215,113,59.421897
-55.778435,95,69.866626
-44.560795,126,70.634331
-48.219139,126,71.749444
-94.040125,146,73.445645
4.37529,143,75.471043
228.529175,726,86.285208
186.793462,647,97.080026
186.645234,525,105.044784
-123.434383,511,118.903369
7.271091,1000,147.306569
-127.043117,727,162.164718
21.565648,1000,188.259533
174.738722,882,920.529803
51.538726,1000,950.106927
-23.254447,1000,981.513597
29.995235,1000,1010.300821
12.56824,1000,1040.309491
204.947179,794,1062.803119
171.324058,917,1087.768421
